Input 1,Input 2,Output,Expected Output,Runtime,MSE
0,0,0.0,0,1.714411735534668,0.0
0,1,1.0,1,1.714411735534668,0.0
1,0,1.0,1,1.714411735534668,0.0
1,1,0.0,0,1.714411735534668,0.0
