Input 1,Input 2,Output,Expected Output,Runtime,MSE
0,0,0.0838700823040965,0,18.56297516822815,0.006955939903055562
0,1,0.9198080602075904,1,18.56297516822815,0.006955939903055562
1,0,0.919472226439288,1,18.56297516822815,0.006955939903055562
1,1,0.088736122206301,0,18.56297516822815,0.006955939903055562
