Input 1,Input 2,Output,Expected Output,Generation,Runtime,MSE
0,0,0.5000000044412666,0,996,5.440859794616699,0.16116474551071666
0,1,0.731058577573556,1,996,5.440859794616699,0.16116474551071666
1,0,0.731058577573556,1,996,5.440859794616699,0.16116474551071666
1,1,0.500000000208082,0,996,5.440859794616699,0.16116474551071666
