Input 1,Input 2,Output,Expected Output
0,0,0.05770393845163235,0
0,1,0.9465057412780614,1
1,0,0.9463801707709562,1
1,1,0.05791732095632001,0
