Input 1,Input 2,Output,Expected Output,Runtime
0,0,0.0,0,2.9416518211364746
0,1,1.0,1,2.9416518211364746
1,0,1.0,1,2.9416518211364746
1,1,1.5923730891910457e-172,0,2.9416518211364746
