Input 1,Input 2,Output,Expected Output
0.0,0.0,0.5000000000000002,0
0.0,1.0,0.7310585786300048,1
1.0,0.0,0.7310585786300048,1
1.0,1.0,0.5,0
